"Predictor","Socio-cultural β (95% CI)","Provisioning β (95% CI)","Regulating/supporting β (95% CI)"
"Macro-region","","",""
"Northern Europe (reference)","Reference","Reference","Reference"
"Central-West Europe","0.018 (-0.191 to 0.226)","-0.395 (-1.183 to 0.392)","-0.016 (-0.221 to 0.190)"
"Central-East Europe","0.199 (-0.042 to 0.440)","0.746 (-0.163 to 1.656)","0.164 (-0.073 to 0.402)"
"South-West Europe","0.044 (-0.197 to 0.284)","-0.328 (-1.238 to 0.581)","0.120 (-0.117 to 0.357)"
"South-East Europe","0.051 (-0.191 to 0.292)","0.092 (-0.817 to 1.002)","0.076 (-0.162 to 0.314)"
"Age","","",""
"18-26 years (reference)","Reference","Reference","Reference"
"27-37 years","0.159 (0.106 to 0.213)","0.126 (0.051 to 0.202)","0.145 (0.095 to 0.195)"
"38-48 years","0.245 (0.191 to 0.299)","0.116 (0.040 to 0.192)","0.251 (0.200 to 0.301)"
"49-59 years","0.291 (0.239 to 0.344)","0.086 (0.013 to 0.160)","0.365 (0.316 to 0.414)"
"60+ years","0.284 (0.231 to 0.336)","0.096 (0.022 to 0.169)","0.381 (0.332 to 0.430)"
"Gender","","",""
"Male (reference)","Reference","Reference","Reference"
"Female","0.105 (0.077 to 0.132)","-0.030 (-0.069 to 0.009)","0.092 (0.066 to 0.117)"
"Education","","",""
"No formal education (reference)","Reference","Reference","Reference"
"Primary","0.152 (0.008 to 0.296)","0.070 (-0.132 to 0.273)","-0.025 (-0.159 to 0.109)"
"Lower secondary","0.206 (0.088 to 0.324)","0.060 (-0.105 to 0.225)","0.113 (0.004 to 0.222)"
"Upper secondary","0.215 (0.098 to 0.331)","0.030 (-0.134 to 0.194)","0.139 (0.031 to 0.247)"
"Post-secondary non-tertiary","0.255 (0.139 to 0.371)","-0.066 (-0.229 to 0.098)","0.201 (0.093 to 0.309)"
"Tertiary","0.176 (0.039 to 0.312)","0.047 (-0.145 to 0.238)","0.073 (-0.054 to 0.199)"
"Residence length","","",""
"0-5 years (reference)","Reference","Reference","Reference"
"6-10 years","-0.039 (-0.101 to 0.022)","0.005 (-0.082 to 0.091)","0.025 (-0.032 to 0.082)"
"11-15 years","-0.065 (-0.132 to 0.001)","-0.033 (-0.127 to 0.060)","0.024 (-0.037 to 0.086)"
"16-20 years","-0.023 (-0.086 to 0.040)","0.103 (0.015 to 0.192)","0.028 (-0.030 to 0.087)"
"21-25 years","0.023 (-0.041 to 0.087)","0.009 (-0.080 to 0.099)","0.040 (-0.020 to 0.099)"
"26-30 years","-0.005 (-0.071 to 0.061)","0.048 (-0.046 to 0.141)","0.028 (-0.033 to 0.090)"
">30 years","-0.066 (-0.117 to -0.016)","-0.010 (-0.080 to 0.060)","-0.003 (-0.050 to 0.043)"
"Missing","-0.391 (-0.452 to -0.329)","0.223 (0.137 to 0.310)","-0.585 (-0.643 to -0.528)"
"Forest ownership","","",""
"No (reference)","Reference","Reference","Reference"
"Yes","-0.114 (-0.168 to -0.061)","0.161 (0.086 to 0.236)","-0.219 (-0.269 to -0.169)"
"Social proximity to forest sector","","",""
"No (reference)","Reference","Reference","Reference"
"Yes","0.123 (0.083 to 0.162)","0.342 (0.286 to 0.398)","0.054 (0.017 to 0.091)"
"Don't know","-0.032 (-0.083 to 0.018)","0.147 (0.077 to 0.218)","-0.012 (-0.059 to 0.034)"
