"Forest-value domain","Macro-region","Region-only beta","Region-only 95% CI","Fully adjusted beta","Fully adjusted 95% CI"
"Socio-cultural","Central-West Europe","-0.020","-0.232 to 0.192","0.018","-0.191 to 0.226"
"Socio-cultural","Central-East Europe","0.176","-0.069 to 0.421","0.199","-0.042 to 0.440"
"Socio-cultural","South-West Europe","0.021","-0.224 to 0.266","0.044","-0.197 to 0.284"
"Socio-cultural","South-East Europe","0.040","-0.205 to 0.285","0.051","-0.191 to 0.292"
"Provisioning","Central-West Europe","-0.415","-1.262 to 0.432","-0.395","-1.183 to 0.392"
"Provisioning","Central-East Europe","0.808","-0.170 to 1.786","0.746","-0.163 to 1.656"
"Provisioning","South-West Europe","-0.341","-1.319 to 0.637","-0.328","-1.238 to 0.581"
"Provisioning","South-East Europe","0.258","-0.720 to 1.236","0.092","-0.817 to 1.002"
"Regulating/supporting","Central-West Europe","-0.043","-0.260 to 0.173","-0.016","-0.221 to 0.190"
"Regulating/supporting","Central-East Europe","0.131","-0.119 to 0.381","0.164","-0.073 to 0.402"
"Regulating/supporting","South-West Europe","0.110","-0.140 to 0.361","0.120","-0.117 to 0.357"
"Regulating/supporting","South-East Europe","0.032","-0.218 to 0.282","0.076","-0.162 to 0.314"
