"Macro-region","Country","N","Socio-cultural values","Provisioning values","Regulating/supporting values"
"North Europe","Denmark",1032,"3.946 (0.770) [3.899, 3.993]","2.286 (1.109) [2.219, 2.354]","4.305 (0.667) [4.264, 4.345]"
"North Europe","Sweden",1032,"3.996 (0.743) [3.951, 4.042]","3.582 (1.034) [3.519, 3.646]","4.472 (0.667) [4.431, 4.513]"
"Central-West Europe","France",1028,"3.921 (0.741) [3.875, 3.967]","2.747 (1.143) [2.676, 2.817]","4.326 (0.776) [4.278, 4.374]"
"Central-West Europe","Germany",1011,"3.952 (0.794) [3.901, 4.004]","3.094 (1.142) [3.020, 3.168]","4.314 (0.811) [4.262, 4.367]"
"Central-West Europe","Netherlands",1145,"3.837 (0.828) [3.788, 3.886]","2.003 (1.080) [1.940, 2.067]","4.179 (0.850) [4.129, 4.229]"
"Central-West Europe","Scotland",1008,"4.094 (0.761) [4.047, 4.141]","2.234 (1.168) [2.162, 2.306]","4.561 (0.608) [4.524, 4.599]"
"Central-East Europe","Czechia",1033,"3.958 (0.747) [3.909, 4.008]","4.031 (0.836) [3.975, 4.086]","4.418 (0.753) [4.368, 4.468]"
"Central-East Europe","Romania",1034,"4.336 (0.783) [4.288, 4.384]","3.454 (1.220) [3.379, 3.528]","4.621 (0.764) [4.574, 4.668]"
"South-West Europe","Italy",1042,"4.006 (0.690) [3.963, 4.049]","2.630 (1.127) [2.560, 2.700]","4.535 (0.653) [4.495, 4.575]"
"South-West Europe","Spain",1006,"3.979 (0.728) [3.934, 4.024]","2.557 (1.171) [2.484, 2.629]","4.462 (0.699) [4.419, 4.506]"
"South-East Europe","Croatia",1024,"4.043 (0.899) [3.988, 4.099]","3.239 (1.173) [3.167, 3.311]","4.441 (0.853) [4.389, 4.494]"
"South-East Europe","Serbia",1065,"3.979 (1.078) [3.905, 4.054]","3.145 (1.156) [3.066, 3.225]","4.399 (1.064) [4.325, 4.472]"
