"region_fe","country","domain","n","weighted_mean","weighted_sd","effective_n","weighted_se","ci_lower","ci_upper"
"North Europe","Denmark","Socio-cultural",1032,3.94603638129941,0.769568667212677,1031.61185665322,0.0239601324630751,3.89907452167179,3.99299824092704
"North Europe","Denmark","Provisioning",1032,2.28639075108617,1.10911823356663,1031.61185665322,0.0345318370220551,2.21870835052295,2.3540731516494
"North Europe","Denmark","Regulating/supporting",1032,4.30459812227636,0.666516703301616,1031.61185665322,0.0207516615220321,4.26392486569318,4.34527137885955
"North Europe","Sweden","Socio-cultural",1032,3.99621691627584,0.742930768884278,1031.20511661254,0.023135336234853,3.95087165725552,4.04156217529615
"North Europe","Sweden","Provisioning",1032,3.58244502828043,1.03357102735745,1031.20511661254,0.032186058569667,3.51936035348388,3.64552970307698
"North Europe","Sweden","Regulating/supporting",1032,4.47196411059629,0.667397237505218,1031.20511661254,0.0207831740702885,4.43122908941853,4.51269913177406
"Central-West Europe","France","Socio-cultural",1028,3.92112428324803,0.741034413617192,1005.4986667132,0.0233694035160881,3.8753202523565,3.96692831413956
"Central-West Europe","France","Provisioning",1028,2.7465322221205,1.14314301250526,1005.4986667132,0.0360503774790038,2.67587348226165,2.81719096197935
"Central-West Europe","France","Regulating/supporting",1028,4.3258873808697,0.776269121623524,1005.4986667132,0.0244805720313966,4.27790545968816,4.37386930205123
"Central-West Europe","Germany","Socio-cultural",1011,3.95242879886022,0.79358180538178,915.611272325422,0.0262262463736272,3.90102535596791,4.00383224175253
"Central-West Europe","Germany","Provisioning",1011,3.09387096732186,1.14211246608716,915.611272325422,0.0377444678278412,3.01989181037929,3.16785012426443
"Central-West Europe","Germany","Regulating/supporting",1011,4.31412291044379,0.811240182035165,915.611272325422,0.0268098194010445,4.26157566441774,4.36667015646983
"Central-West Europe","Netherlands","Socio-cultural",1145,3.83694556970422,0.82820672331435,1105.86991913117,0.0249050105063602,3.78813174911176,3.88575939029669
"Central-West Europe","Netherlands","Provisioning",1145,2.00324867545533,1.07959196113295,1105.86991913117,0.0324644178533105,1.93961841646285,2.06687893444782
"Central-West Europe","Netherlands","Regulating/supporting",1145,4.17883865241424,0.84997956709803,1105.86991913117,0.0255597418529205,4.12874155838251,4.22893574644596
"Central-West Europe","Scotland","Socio-cultural",1008,4.09441552451811,0.760945198004909,1006.29060976846,0.023987869124277,4.04739930103453,4.14143174800169
"Central-West Europe","Scotland","Provisioning",1008,2.23382587948212,1.16771968474825,1006.29060976846,0.0368109386129568,2.16167643980072,2.30597531916351
"Central-West Europe","Scotland","Regulating/supporting",1008,4.56126345221589,0.608322877907377,1006.29060976846,0.0191766366603072,4.52367724436169,4.5988496600701
"Central-East Europe","Czech","Socio-cultural",1033,3.95837603535189,0.746907032048094,863.14468803167,0.02542287998217,3.90854719058684,4.00820488011694
"Central-East Europe","Czech","Provisioning",1033,4.03067354133118,0.835582666214632,863.14468803167,0.0284411806648895,3.974928827228,4.08641825543437
"Central-East Europe","Czech","Regulating/supporting",1033,4.41792183369396,0.752810128256169,863.14468803167,0.0256238068713032,4.36769917222621,4.46814449516172
"Central-East Europe","Romania","Socio-cultural",1034,4.33582401774323,0.783339760531884,1022.78917403595,0.0244938531444182,4.28781606558017,4.38383196990629
"Central-East Europe","Romania","Provisioning",1034,3.45361115726453,1.22021758367174,1022.78917403595,0.0381543639230042,3.37882860397544,3.52839371055361
"Central-East Europe","Romania","Regulating/supporting",1034,4.62130312083908,0.76403472764837,1022.78917403595,0.0238902138754554,4.57447830164319,4.66812794003497
"South-West Europe","Italy","Socio-cultural",1042,4.0058515999905,0.689816162809854,998.435689466552,0.0218309843150911,3.96306287073292,4.04864032924808
"South-West Europe","Italy","Provisioning",1042,2.62987673392617,1.1271194602442,998.435689466552,0.0356705577288824,2.55996244077756,2.69979102707478
"South-West Europe","Italy","Regulating/supporting",1042,4.53500127455919,0.652611996249036,998.435689466552,0.020653563981336,4.49452028915577,4.5754822599626
"South-West Europe","Spain","Socio-cultural",1006,3.97869670018651,0.728408485839591,1001.61221635885,0.0230157531075564,3.9335858240957,4.02380757627732
"South-West Europe","Spain","Provisioning",1006,2.55691633807402,1.17102580755182,1001.61221635885,0.0370012724908381,2.48439384399198,2.62943883215606
"South-West Europe","Spain","Regulating/supporting",1006,4.46223283495023,0.698700560784318,1001.61221635885,0.0220770624117419,4.41896179262321,4.50550387727724
"South-East Europe","Croatia","Socio-cultural",1024,4.04341242243914,0.899411471630675,1018.43124209603,0.0281833468652288,3.98817306258329,4.09865178229499
"South-East Europe","Croatia","Provisioning",1024,3.2386529336268,1.17301116868659,1018.43124209603,0.0367566811038594,3.16660983866323,3.31069602859036
"South-East Europe","Croatia","Regulating/supporting",1024,4.44129330103407,0.853173395572586,1018.43124209603,0.0267344619254322,4.38889375566022,4.49369284640792
"South-East Europe","Serbia","Socio-cultural",1065,3.97941060123409,1.07840753230764,805.243805054958,0.0380031167973897,3.90492449231121,4.05389671015697
"South-East Europe","Serbia","Provisioning",1065,3.14546389714894,1.15593029704269,805.243805054958,0.0407350215684723,3.06562325487474,3.22530453942315
"South-East Europe","Serbia","Regulating/supporting",1065,4.39888919607647,1.06414149212541,805.243805054958,0.0375003810736125,4.32538844917219,4.47238994298075
