"region_fe","domain","n","weighted_mean","weighted_sd","effective_n","weighted_se","ci_lower","ci_upper"
"North Europe","Socio-cultural",2064,3.97112664878765,0.756783028336309,2062.81689306598,0.0166625338358529,3.93846808246937,4.00378521510592
"North Europe","Provisioning",2064,2.93441788968331,1.25265531359179,2062.81689306598,0.027580443490216,2.88036022044249,2.98847555892413
"North Europe","Regulating/supporting",2064,4.38828111643635,0.67218646052744,2062.81689306598,0.0147999218047518,4.35927326969904,4.41728896317366
"Central-West Europe","Socio-cultural",4192,3.94735085993614,0.78856840939691,4028.10993915272,0.0124247802777886,3.92299829059167,3.97170342928061
"Central-West Europe","Provisioning",4192,2.50399687314328,1.21064626032932,4028.10993915272,0.019075090505112,2.46660969575326,2.5413840505333
"Central-West Europe","Regulating/supporting",4192,4.33948337472343,0.7822312510078,4028.10993915272,0.0123249312353568,4.31532650950213,4.36364023994473
"Central-East Europe","Socio-cultural",2067,4.14719132988149,0.788273981543852,1872.57287781784,0.0182162017548214,4.11148757444204,4.18289508532094
"Central-East Europe","Provisioning",2067,3.74200275994518,1.08489915498839,1872.57287781784,0.0250709047280717,3.69286378667816,3.7911417332122
"Central-East Europe","Regulating/supporting",2067,4.51966167448164,0.765232762120232,1872.57287781784,0.0176837428490032,4.48500153849759,4.55432181046569
"South-West Europe","Socio-cultural",2048,3.99251281620007,0.709165617076303,1999.31345819761,0.0158601476681235,3.96142692677055,4.02359870562959
"South-West Europe","Provisioning",2048,2.59403778947927,1.14947527560365,1999.31345819761,0.0257074612374634,2.54365116545384,2.6444244135047
"South-West Europe","Regulating/supporting",2048,4.49925662111847,0.676622837883312,1999.31345819761,0.0151323440759812,4.46959722672955,4.5289160155074
"South-East Europe","Socio-cultural",2089,4.0107834422652,0.995213388837828,1789.85091154727,0.0235238164158238,3.96467676209019,4.05689012244022
"South-East Europe","Provisioning",2089,3.19114392268906,1.16526600514815,1789.85091154727,0.0275433428530494,3.13715897069708,3.24512887468103
"South-East Europe","Regulating/supporting",2089,4.41967512402121,0.966731472607561,1789.85091154727,0.022850590576937,4.37488796649041,4.464462281552
